insert into DISTRITO (id,departamento,provincia,distrito,ubigeo) values 
(	1408	,'	Lima	','	Lima 	','	Lima	','	150101	')	,
(	1409	,'	Lima	','	Lima 	','	Ancón	','	150102	')	,
(	1410	,'	Lima	','	Lima 	','	Ate	','	150103	')	,
(	1411	,'	Lima	','	Lima 	','	Barranco	','	150104	')	,
(	1412	,'	Lima	','	Lima 	','	Breña	','	150105	')	,
(	1413	,'	Lima	','	Lima 	','	Carabayllo	','	150106	')	,
(	1414	,'	Lima	','	Lima 	','	Chaclacayo	','	150107	')	,
(	1415	,'	Lima	','	Lima 	','	Chorrillos	','	150108	')	,
(	1416	,'	Lima	','	Lima 	','	Cieneguilla	','	150109	')	,
(	1417	,'	Lima	','	Lima 	','	Comas	','	150110	')	,
(	1418	,'	Lima	','	Lima 	','	El Agustino	','	150111	')	,
(	1419	,'	Lima	','	Lima 	','	Independencia	','	150112	')	,
(	1420	,'	Lima	','	Lima 	','	Jesús María	','	150113	')	,
(	1421	,'	Lima	','	Lima 	','	La Molina	','	150114	')	,
(	1422	,'	Lima	','	Lima 	','	La Victoria	','	150115	')	,
(	1423	,'	Lima	','	Lima 	','	Lince	','	150116	')	,
(	1424	,'	Lima	','	Lima 	','	Los Olivos	','	150117	')	,
(	1425	,'	Lima	','	Lima 	','	Lurigancho	','	150118	')	,
(	1426	,'	Lima	','	Lima 	','	Lurin	','	150119	')	,
(	1427	,'	Lima	','	Lima 	','	Magdalena del Mar	','	150120	')	,
(	1428	,'	Lima	','	Lima 	','	Pueblo Libre	','	150121	')	,
(	1429	,'	Lima	','	Lima 	','	Miraflores	','	150122	')	,
(	1430	,'	Lima	','	Lima 	','	Pachacamac	','	150123	')	,
(	1431	,'	Lima	','	Lima 	','	Pucusana	','	150124	')	,
(	1432	,'	Lima	','	Lima 	','	Puente Piedra	','	150125	')	,
(	1433	,'	Lima	','	Lima 	','	Punta Hermosa	','	150126	')	,
(	1434	,'	Lima	','	Lima 	','	Punta Negra	','	150127	')	,
(	1435	,'	Lima	','	Lima 	','	Rímac	','	150128	')	,
(	1436	,'	Lima	','	Lima 	','	San Bartolo	','	150129	')	,
(	1437	,'	Lima	','	Lima 	','	San Borja	','	150130	')	,
(	1438	,'	Lima	','	Lima 	','	San Isidro	','	150131	')	,
(	1439	,'	Lima	','	Lima 	','	San Juan de Lurigancho	','	150132	')	,
(	1440	,'	Lima	','	Lima 	','	San Juan de Miraflores	','	150133	')	,
(	1441	,'	Lima	','	Lima 	','	San Luis	','	150134	')	,
(	1442	,'	Lima	','	Lima 	','	San Martín de Porres	','	150135	')	,
(	1443	,'	Lima	','	Lima 	','	San Miguel	','	150136	')	,
(	1444	,'	Lima	','	Lima 	','	Santa Anita	','	150137	')	,
(	1445	,'	Lima	','	Lima 	','	Santa María del Mar	','	150138	')	,
(	1446	,'	Lima	','	Lima 	','	Santa Rosa	','	150139	')	,
(	1447	,'	Lima	','	Lima 	','	Santiago de Surco	','	150140	')	,
(	1448	,'	Lima	','	Lima 	','	Surquillo	','	150141	')	,
(	1449	,'	Lima	','	Lima 	','	Villa El Salvador	','	150142	')	,
(	1450	,'	Lima	','	Lima 	','	Villa María del Triunfo	','	150143	')	,
(	1452	,'	Lima	','	Barranca 	','	Barranca	','	150201	')	,
(	1453	,'	Lima	','	Barranca 	','	Paramonga	','	150202	')	,
(	1454	,'	Lima	','	Barranca 	','	Pativilca	','	150203	')	,
(	1455	,'	Lima	','	Barranca 	','	Supe	','	150204	')	,
(	1456	,'	Lima	','	Barranca 	','	Supe Puerto	','	150205	')	,
(	1458	,'	Lima	','	Cajatambo 	','	Cajatambo	','	150301	')	,
(	1459	,'	Lima	','	Cajatambo 	','	Copa	','	150302	')	,
(	1460	,'	Lima	','	Cajatambo 	','	Gorgor	','	150303	')	,
(	1461	,'	Lima	','	Cajatambo 	','	Huancapon	','	150304	')	,
(	1462	,'	Lima	','	Cajatambo 	','	Manas	','	150305	')	,
(	1464	,'	Lima	','	Canta 	','	Canta	','	150401	')	,
(	1465	,'	Lima	','	Canta 	','	Arahuay	','	150402	')	,
(	1466	,'	Lima	','	Canta 	','	Huamantanga	','	150403	')	,
(	1467	,'	Lima	','	Canta 	','	Huaros	','	150404	')	,
(	1468	,'	Lima	','	Canta 	','	Lachaqui	','	150405	')	,
(	1469	,'	Lima	','	Canta 	','	San Buenaventura	','	150406	')	,
(	1470	,'	Lima	','	Canta 	','	Santa Rosa de Quives	','	150407	')	,
(	1472	,'	Lima	','	Cañete 	','	San Vicente de Cañete	','	150501	')	,
(	1473	,'	Lima	','	Cañete 	','	Asia	','	150502	')	,
(	1474	,'	Lima	','	Cañete 	','	Calango	','	150503	')	,
(	1475	,'	Lima	','	Cañete 	','	Cerro Azul	','	150504	')	,
(	1476	,'	Lima	','	Cañete 	','	Chilca	','	150505	')	,
(	1477	,'	Lima	','	Cañete 	','	Coayllo	','	150506	')	,
(	1478	,'	Lima	','	Cañete 	','	Imperial	','	150507	')	,
(	1479	,'	Lima	','	Cañete 	','	Lunahuana	','	150508	')	,
(	1480	,'	Lima	','	Cañete 	','	Mala	','	150509	')	,
(	1481	,'	Lima	','	Cañete 	','	Nuevo Imperial	','	150510	')	,
(	1482	,'	Lima	','	Cañete 	','	Pacaran	','	150511	')	,
(	1483	,'	Lima	','	Cañete 	','	Quilmana	','	150512	')	,
(	1484	,'	Lima	','	Cañete 	','	San Antonio	','	150513	')	,
(	1485	,'	Lima	','	Cañete 	','	San Luis	','	150514	')	,
(	1486	,'	Lima	','	Cañete 	','	Santa Cruz de Flores	','	150515	')	,
(	1487	,'	Lima	','	Cañete 	','	Zúñiga	','	150516	')	,
(	1489	,'	Lima	','	Huaral 	','	Huaral	','	150601	')	,
(	1490	,'	Lima	','	Huaral 	','	Atavillos Alto	','	150602	')	,
(	1491	,'	Lima	','	Huaral 	','	Atavillos Bajo	','	150603	')	,
(	1492	,'	Lima	','	Huaral 	','	Aucallama	','	150604	')	,
(	1493	,'	Lima	','	Huaral 	','	Chancay	','	150605	')	,
(	1494	,'	Lima	','	Huaral 	','	Ihuari	','	150606	')	,
(	1495	,'	Lima	','	Huaral 	','	Lampian	','	150607	')	,
(	1496	,'	Lima	','	Huaral 	','	Pacaraos	','	150608	')	,
(	1497	,'	Lima	','	Huaral 	','	San Miguel de Acos	','	150609	')	,
(	1498	,'	Lima	','	Huaral 	','	Santa Cruz de Andamarca	','	150610	')	,
(	1499	,'	Lima	','	Huaral 	','	Sumbilca	','	150611	')	,
(	1500	,'	Lima	','	Huaral 	','	Veintisiete de Noviembre	','	150612	')	,
(	1502	,'	Lima	','	Huarochirí 	','	Matucana	','	150701	')	,
(	1503	,'	Lima	','	Huarochirí 	','	Antioquia	','	150702	')	,
(	1504	,'	Lima	','	Huarochirí 	','	Callahuanca	','	150703	')	,
(	1505	,'	Lima	','	Huarochirí 	','	Carampoma	','	150704	')	,
(	1506	,'	Lima	','	Huarochirí 	','	Chicla	','	150705	')	,
(	1507	,'	Lima	','	Huarochirí 	','	Cuenca	','	150706	')	,
(	1508	,'	Lima	','	Huarochirí 	','	Huachupampa	','	150707	')	,
(	1509	,'	Lima	','	Huarochirí 	','	Huanza	','	150708	')	,
(	1510	,'	Lima	','	Huarochirí 	','	Huarochiri	','	150709	')	,
(	1511	,'	Lima	','	Huarochirí 	','	Lahuaytambo	','	150710	')	,
(	1512	,'	Lima	','	Huarochirí 	','	Langa	','	150711	')	,
(	1513	,'	Lima	','	Huarochirí 	','	Laraos	','	150712	')	,
(	1514	,'	Lima	','	Huarochirí 	','	Mariatana	','	150713	')	,
(	1515	,'	Lima	','	Huarochirí 	','	Ricardo Palma	','	150714	')	,
(	1516	,'	Lima	','	Huarochirí 	','	San Andrés de Tupicocha	','	150715	')	,
(	1517	,'	Lima	','	Huarochirí 	','	San Antonio	','	150716	')	,
(	1518	,'	Lima	','	Huarochirí 	','	San Bartolomé	','	150717	')	,
(	1519	,'	Lima	','	Huarochirí 	','	San Damian	','	150718	')	,
(	1520	,'	Lima	','	Huarochirí 	','	San Juan de Iris	','	150719	')	,
(	1521	,'	Lima	','	Huarochirí 	','	San Juan de Tantaranche	','	150720	')	,
(	1522	,'	Lima	','	Huarochirí 	','	San Lorenzo de Quinti	','	150721	')	,
(	1523	,'	Lima	','	Huarochirí 	','	San Mateo	','	150722	')	,
(	1524	,'	Lima	','	Huarochirí 	','	San Mateo de Otao	','	150723	')	,
(	1525	,'	Lima	','	Huarochirí 	','	San Pedro de Casta	','	150724	')	,
(	1526	,'	Lima	','	Huarochirí 	','	San Pedro de Huancayre	','	150725	')	,
(	1527	,'	Lima	','	Huarochirí 	','	Sangallaya	','	150726	')	,
(	1528	,'	Lima	','	Huarochirí 	','	Santa Cruz de Cocachacra	','	150727	')	,
(	1529	,'	Lima	','	Huarochirí 	','	Santa Eulalia	','	150728	')	,
(	1530	,'	Lima	','	Huarochirí 	','	Santiago de Anchucaya	','	150729	')	,
(	1531	,'	Lima	','	Huarochirí 	','	Santiago de Tuna	','	150730	')	,
(	1532	,'	Lima	','	Huarochirí 	','	Santo Domingo de Los Olleros	','	150731	')	,
(	1533	,'	Lima	','	Huarochirí 	','	Surco	','	150732	')	,
(	1535	,'	Lima	','	Huaura 	','	Huacho	','	150801	')	,
(	1536	,'	Lima	','	Huaura 	','	Ambar	','	150802	')	,
(	1537	,'	Lima	','	Huaura 	','	Caleta de Carquin	','	150803	')	,
(	1538	,'	Lima	','	Huaura 	','	Checras	','	150804	')	,
(	1539	,'	Lima	','	Huaura 	','	Hualmay	','	150805	')	,
(	1540	,'	Lima	','	Huaura 	','	Huaura	','	150806	')	,
(	1541	,'	Lima	','	Huaura 	','	Leoncio Prado	','	150807	')	,
(	1542	,'	Lima	','	Huaura 	','	Paccho	','	150808	')	,
(	1543	,'	Lima	','	Huaura 	','	Santa Leonor	','	150809	')	,
(	1544	,'	Lima	','	Huaura 	','	Santa María	','	150810	')	,
(	1545	,'	Lima	','	Huaura 	','	Sayan	','	150811	')	,
(	1546	,'	Lima	','	Huaura 	','	Vegueta	','	150812	')	,
(	1548	,'	Lima	','	Oyón 	','	Oyon	','	150901	')	,
(	1549	,'	Lima	','	Oyón 	','	Andajes	','	150902	')	,
(	1550	,'	Lima	','	Oyón 	','	Caujul	','	150903	')	,
(	1551	,'	Lima	','	Oyón 	','	Cochamarca	','	150904	')	,
(	1552	,'	Lima	','	Oyón 	','	Navan	','	150905	')	,
(	1553	,'	Lima	','	Oyón 	','	Pachangara	','	150906	')	,
(	1555	,'	Lima	','	Yauyos 	','	Yauyos	','	151001	')	,
(	1556	,'	Lima	','	Yauyos 	','	Alis	','	151002	')	,
(	1557	,'	Lima	','	Yauyos 	','	Allauca	','	151003	')	,
(	1558	,'	Lima	','	Yauyos 	','	Ayaviri	','	151004	')	,
(	1559	,'	Lima	','	Yauyos 	','	Azángaro	','	151005	')	,
(	1560	,'	Lima	','	Yauyos 	','	Cacra	','	151006	')	,
(	1561	,'	Lima	','	Yauyos 	','	Carania	','	151007	')	,
(	1562	,'	Lima	','	Yauyos 	','	Catahuasi	','	151008	')	,
(	1563	,'	Lima	','	Yauyos 	','	Chocos	','	151009	')	,
(	1564	,'	Lima	','	Yauyos 	','	Cochas	','	151010	')	,
(	1565	,'	Lima	','	Yauyos 	','	Colonia	','	151011	')	,
(	1566	,'	Lima	','	Yauyos 	','	Hongos	','	151012	')	,
(	1567	,'	Lima	','	Yauyos 	','	Huampara	','	151013	')	,
(	1568	,'	Lima	','	Yauyos 	','	Huancaya	','	151014	')	,
(	1569	,'	Lima	','	Yauyos 	','	Huangascar	','	151015	')	,
(	1570	,'	Lima	','	Yauyos 	','	Huantan	','	151016	')	,
(	1571	,'	Lima	','	Yauyos 	','	Huañec	','	151017	')	,
(	1572	,'	Lima	','	Yauyos 	','	Laraos	','	151018	')	,
(	1573	,'	Lima	','	Yauyos 	','	Lincha	','	151019	')	,
(	1574	,'	Lima	','	Yauyos 	','	Madean	','	151020	')	,
(	1575	,'	Lima	','	Yauyos 	','	Miraflores	','	151021	')	,
(	1576	,'	Lima	','	Yauyos 	','	Omas	','	151022	')	,
(	1577	,'	Lima	','	Yauyos 	','	Putinza	','	151023	')	,
(	1578	,'	Lima	','	Yauyos 	','	Quinches	','	151024	')	,
(	1579	,'	Lima	','	Yauyos 	','	Quinocay	','	151025	')	,
(	1580	,'	Lima	','	Yauyos 	','	San Joaquín	','	151026	')	,
(	1581	,'	Lima	','	Yauyos 	','	San Pedro de Pilas	','	151027	')	,
(	1582	,'	Lima	','	Yauyos 	','	Tanta	','	151028	')	,
(	1583	,'	Lima	','	Yauyos 	','	Tauripampa	','	151029	')	,
(	1584	,'	Lima	','	Yauyos 	','	Tomas	','	151030	')	,
(	1585	,'	Lima	','	Yauyos 	','	Tupe	','	151031	')	,
(	1586	,'	Lima	','	Yauyos 	','	Viñac	','	151032	')	;

insert into sucursal (id,activo,codigo,central,nombre,nombre_Corto,nombre_Abreviado,fecha_Inicio,telefono,telefono_1,imagen,imagen_Content_Type,direccion,distrito_id) values 
(1001,'HABILITADO','001','SI','CENTRAL','CENTRAL','CE','2022-02-01','','','','','Av. Proceres de la Independencia 2305',1439),
(1002,'HABILITADO','002','NO','LA MARINA','MARINA','MA','2022-02-01','','','','','Av La Marina 3093',1443),
(1003,'HABILITADO','003','NO','ZARATE','ZARATE','ZA','2022-02-01','','','','','Av Piramide del Sol 258',1439);

insert into sucursal_serie
  (id,activo,tipo_Documento,serie,fecha_Emision,numero_Maximo,numero_Ultimo,sucursal_id) values 
  (1001,'HABILITADO','BOLETA','0011','2021-02-01',10000,100,1001),   
  (1002,'HABILITADO','BOLETA','0012','2021-02-01',10000,200,1001),
  (1003,'HABILITADO','BOLETA','0013','2021-02-01',10000,300,1001),
  (1004,'HABILITADO','FACTURA','0014','2021-02-01',10000,100,1001),
  (1005,'HABILITADO','FACTURA','0015','2021-02-01',10000,200,1001),
  (1006,'HABILITADO','FACTURA','0016','2021-02-01',10000,300,1001),
  (1007,'HABILITADO','TICKET','0017','2021-02-01',10000,100,1001),
  (1008,'HABILITADO','TICKET','0018','2021-02-01',10000,200,1001),
  (1009,'HABILITADO','TICKET','0019','2021-02-01',10000,300,1001);

insert into area
 (id,activo,codigo,tipo,nombre,nombre_Corto,sucursal_id,area_superior_id) values 
(1001,'HABILITADO','JD','JUNTA','DIRECTIVOS','DIRECTIVOS',1001,null),
(1002,'HABILITADO','GER','OFICINA','GERENCIA','GERENCIA',1001,1001),
(1003,'HABILITADO','ADM','OFICINA','ADMINISTRACION','ADMINISTRACION',1001,1002),
(1004,'HABILITADO','VEN','AREA','VENTAS','VENTAS',1001,1003),
(1005,'HABILITADO','PROF','AREA','PROFESORES','PROFESORES',1001,1003),
(1006,'HABILITADO','COM','AREA','COMPRAS','COMPRAS',1001,1003),
(1007,'HABILITADO','CON','OFICINA','CONTABILIDAD','CONTABILIDAD',1001,1003),
(1008,'HABILITADO','SIS','OFICINA','SISTEMAS','SISTEMAS',1001,1003); 

insert into cargo (id,activo,codigo,nombre,nombre_Corto,area_perteneciente_id,cargo_superior_id) values
(1001,'HABILITADO','DJD','DIRECTIVO','DIRECTIVO',1001,null),
(1002,'HABILITADO','GOG','GERENTE','GERENTE',1002,1001),
(1003,'HABILITADO','SOG','SECRETARIA GERENCIA','SECREGER',1002,1002),
(1004,'HABILITADO','AOA','ADMINISTRADOR','ADMINISTRADOR',1003,1002),
(1005,'HABILITADO','ASOA','ASISTENTE ADMINISTRADOR','ASISADMIN',1003,1004),
(1006,'HABILITADO','JAV','ENCARGADO','ENCARGADO',1004,1004),
(1007,'HABILITADO','VAV','VENDEDOR','VENDEDOR',1004,1006),
(1008,'HABILITADO','SOS','INGENIERO','INGENIERO',1008,1004),
(1009,'HABILITADO','PROF','PROFESOR','PROFESOR',1005,1004),
(1010,'HABILITADO','INST','INSTRUCTOR','INSTRUCTOR',1005,1006);

insert into computadora (id,nombre,nombre_Corto,descripcion,estado_Computadora,mac,tipo) values
(1201,'JLPY','JLPY','LAPTOP DE JLPY','HABILITADO','80-FA-5B-66-7A-B0','LAPTOP');

insert into persona (id,nacionalidad,nombres,apellido_Paterno,apellido_Materno,fecha_Nacimiento,genero,estado_Civil,tipo_Documento,numero_Documento,telefono_Particular,telefono_Particular_1,email_Personal,direccion,distrito_id) values 
(1251,'PERU','Juan','Perez','Perez','1987-02-06','VARON','SOLTERO','DNI','30409297','1111111','null','juam@gmail.com','AV BRAZIL 855',1443),
(1252,'PERU','Manuel','Perez','Perez','1987-02-06','VARON','SOLTERO','DNI','30409742','1111111','null','juam@gmail.com','AV BRAZIL 855',1443),
(1253,'PERU','Nicolas','Perez','Perez','1987-02-06','VARON','SOLTERO','DNI','30409743','1111111','null','juam@gmail.com','AV BRAZIL 855',1443),
(1254,'PERU','Henry','Perez','Perez','1987-02-06','VARON','SOLTERO','DNI','30409744','1111111','null','juam@gmail.com','AV BRAZIL 855',1443),
(1255,'PERU','Gary','Perez','Perez','1987-02-06','VARON','SOLTERO','DNI','30409745','1111111','null','juam@gmail.com','AV BRAZIL 855',1443),
(1256,'PERU','Luis','Perez','Perez','1987-02-06','VARON','SOLTERO','DNI','30409746','1111111','null','juam@gmail.com','AV BRAZIL 855',1443),
(1257,'PERU','Jose','Perez','Perez','1987-02-06','VARON','SOLTERO','DNI','30409747','1111111','null','juam@gmail.com','AV BRAZIL 855',1443),
(1258,'PERU','Flavio','Perez','Perez','1987-02-06','VARON','SOLTERO','DNI','30429748','1111111','null','juam@gmail.com','AV BRAZIL 855',1443),
(1259,'PERU','Marco','Perez','Perez','1987-02-06','VARON','SOLTERO','DNI','30429749','1111111','null','juam@gmail.com','AV BRAZIL 855',1443),
(1260,'PERU','Sergio','Perez','Perez','1987-02-06','VARON','SOLTERO','DNI','30429740','1111111','null','juam@gmail.com','AV BRAZIL 855',1443);

insert into empleado
(id,estado,tipo,codigo,codigo_Acceso,telefono_Trabajo,telefono_Trabajo_1,grado_Instrucion,email_Coorporativo,fecha_Ingreso,inasistencias,tardanzas,imagen,imagen_Content_Type,sueldo,cargo_id,persona_id) values 
(1301,'ACTIVO','ADMINISTRATIVO','A001','12345','5855586','','UNIVERSITARIO','juan1@jch.com','2003-02-01',2.5,15.4,'','',0.0,1001,1251),
(1302,'ACTIVO','ADMINISTRATIVO','A002','12345','5855586','','UNIVERSITARIO','juan2@jch.com','2003-02-01',2.5,15.4,'','',0.0,1002,1252),
(1303,'ACTIVO','ADMINISTRATIVO','A003','12345','5855586','','UNIVERSITARIO','juan3@jch.com','2003-02-01',2.5,15.4,'','',0.0,1004,1253),
(1304,'ACTIVO','ADMINISTRATIVO','A004','12345','5855586','','UNIVERSITARIO','juan4@jch.com','2003-02-01',2.5,15.4,'','',0.0,1006,1254),
(1305,'ACTIVO','ADMINISTRATIVO','A005','12345','5855586','','UNIVERSITARIO','juan5@jch.com','2003-02-01',2.5,15.4,'','',0.0,1007,1255),
(1306,'ACTIVO','ADMINISTRATIVO','A006','12345','5855586','','UNIVERSITARIO','juan6@jch.com','2003-02-01',2.5,15.4,'','',0.0,1007,1256),
(1307,'ACTIVO','ADMINISTRATIVO','A007','12345','5855586','','UNIVERSITARIO','juan7@jch.com','2003-02-01',2.5,15.4,'','',0.0,1008,1257),
(1308,'ACTIVO','ADMINISTRATIVO','A008','12345','5855586','','OTRO','juan8@jch.com','2003-02-01',2.5,15.4,'','',0.0,1009,1258),
(1309,'ACTIVO','ADMINISTRATIVO','A009','12345','5855586','','OTRO','juan9@jch.com','2003-02-01',2.5,15.4,'','',0.0,1010,1259),
(1310,'ACTIVO','ADMINISTRATIVO','A010','12345','5855586','','OTRO','juan10@jch.com','2003-02-01',2.5,15.4,'','',0.0,1010,1260);
insert into jhi_authority (name) values ('ROL_ADMINISTRADOR'),('ROL_VENTAS'),('ROL_PROFESOR'),('ROL_INSTRUCTOR');
insert into jhi_user (id,login,password_hash,first_Name,last_Name,email,image_Url,activated,lang_Key,created_By,created_Date,last_Modified_By,last_Modified_Date) values 
(1701,'director','$2a$10$gSAhZrxMllrbgj/kkK9UceBPpChGWJA7SYIb1Mqo.n5aNLq1/oRrC','Juan','Perez','Juan@jch.com','',true,'es','admin',null,'admin',null),
(1702,'gerente','$2a$10$gSAhZrxMllrbgj/kkK9UceBPpChGWJA7SYIb1Mqo.n5aNLq1/oRrC','Manuel','Perez','manuel@jch.com','',true,'es','admin',null,'admin',null),
(1703,'administrador','$2a$10$gSAhZrxMllrbgj/kkK9UceBPpChGWJA7SYIb1Mqo.n5aNLq1/oRrC','Nicolas','Perez','Nicolas@jch.com','',true,'es','admin',null,'admin',null),
(1704,'encargado','$2a$10$gSAhZrxMllrbgj/kkK9UceBPpChGWJA7SYIb1Mqo.n5aNLq1/oRrC','Henry','Perez','Henry@jch.com','',true,'es','admin',null,'admin',null),
(1705,'vendedor1','$2a$10$gSAhZrxMllrbgj/kkK9UceBPpChGWJA7SYIb1Mqo.n5aNLq1/oRrC','Gary','Perez','Gary@jch.com','',true,'es','admin',null,'admin',null),
(1706,'vendedor2','$2a$10$gSAhZrxMllrbgj/kkK9UceBPpChGWJA7SYIb1Mqo.n5aNLq1/oRrC','Luis','Perez','Luis@jch.com','',true,'es','admin',null,'admin',null),
(1707,'sistemas','$2a$10$gSAhZrxMllrbgj/kkK9UceBPpChGWJA7SYIb1Mqo.n5aNLq1/oRrC','Jose','Perez','Jose@jch.com','',true,'es','admin',null,'admin',null),
(1708,'profesor','$2a$10$gSAhZrxMllrbgj/kkK9UceBPpChGWJA7SYIb1Mqo.n5aNLq1/oRrC','Flavio','Perez','Flavio@jch.com','',true,'es','admin',null,'admin',null),
(1709,'instructor1','$2a$10$gSAhZrxMllrbgj/kkK9UceBPpChGWJA7SYIb1Mqo.n5aNLq1/oRrC','Marco','Perez','Marco@jch.com','',true,'es','admin',null,'admin',null),
(1710,'instructor2','$2a$10$gSAhZrxMllrbgj/kkK9UceBPpChGWJA7SYIb1Mqo.n5aNLq1/oRrC','Sergio','Perez','Sergio@jch.com','',true,'es','admin',null,'admin',null);
insert into jhi_user_authority (user_id,authority_name) values 
(1701,'ROL_ADMINISTRADOR'),
(1701,'ROLE_ADMIN'),
(1702,'ROL_ADMINISTRADOR'),
(1702,'ROLE_ADMIN'),
(1703,'ROL_ADMINISTRADOR'),
(1703,'ROLE_ADMIN'),
(1704,'ROL_VENTAS'),
(1704,'ROL_ADMINISTRADOR'),
(1705,'ROL_VENTAS'),
(1706,'ROL_VENTAS'),
(1707,'ROLE_ADMIN'),
(1708,'ROL_PROFESOR'),
(1709,'ROL_INSTRUCTOR'),
(1710,'ROL_INSTRUCTOR');

insert into usuario (id,codigo,codigo_Secreto,imagen,imagen_Content_Type,user_id,empleado_id) values
(1451,'u001','54321','','',1701,1301),
(1452,'u002','54321','','',1702,1302),
(1453,'u003','54321','','',1703,1303),
(1454,'u004','54321','','',1704,1304),
(1455,'u005','54321','','',1705,1305),
(1456,'u006','54321','','',1706,1306),
(1457,'u007','54321','','',1707,1307),
(1458,'u008','54321','','',1708,1308),
(1459,'u009','54321','','',1709,1309),
(1460,'u010','54321','','',1710,1310);
insert into rel_usuario__sucursal (sucursal_id,usuario_id) values
(1001,1451),
(1001,1452),
(1001,1453),
(1001,1454),
(1001,1455),
(1001,1456),
(1001,1457),
(1002,1457),
(1003,1457),
(1001,1458),
(1001,1459),
(1001,1460);
insert into rel_usuario__computadora(computadora_id,usuario_id) values
(1201,1457);

insert into licencia_categoria(id,categoria) values
(1101,'A-I'),
(1102,'A-II a'),
(1103,'A-II b'),
(1104,'A-III a'),
(1105,'A-III b'),
(1106,'A-III c');

insert into curso(id,activo,tipo,nombre,nombre_Corto,descripcion,imagen,imagen_Content_Type) values
(1001,'HABILITADO','REGULAR','Cursos A-I','A-I','Cursos para A-I','','');

insert into asignatura_adiciones(id,activo,nombre,nombre_Corto,descripcion,imagen,imagen_Content_Type) values
(1051,'HABILITADO','Balotario Touring','BT','','',''),
(1052,'HABILITADO','Asesoramiento Gratuito','AG','','',''),
(1053,'HABILITADO','5 Horas Teoria','5ht','','',''),
(1054,'HABILITADO','10 Horas Practicas','10hp','','',''),
(1055,'HABILITADO','Examen Médico','EM','','',''),
(1056,'HABILITADO','Servicio Touring 2 Horas','ST2H','','','');

insert into teoria(id,activo,nombre,nombre_Corto,descripcion,imagen,imagen_Content_Type) values
(1151,'HABILITADO','Teoria A-I','Teoria A-I','','','');
insert into Teoria_Horario_Catalogo(id,activo,nombre,nombre_Corto,descripcion,imagen,imagen_Content_Type,periodo,anio,mes,dia,hora_Inicio,hora_Fin) values
(1501,'HABILITADO','Plan A Lunes a Viernes 9am - 10am','Plan A','','','','2022','2022','1,2,3,4,5,6,7,8,9,10,11,12','1,2,3,4,5,6,7',7,10),
(1502,'HABILITADO','Plan B Lunes a Viernes 3pm - 4pm','Plan B','','','','2022','2022','1,2,3,4,5,6,7,8,9,10,11,12','1,2,3,4,5,6,7',7,10),
(1503,'HABILITADO','Plan C Sabados 3pm - 4pm','Plan C','','','','2022','2022','1,2,3,4,5,6,7,8,9,10,11,12','1,2,3,4,5,6,7',7,10),
(1504,'HABILITADO','Plan D Domingos a Viernes 10am - 11am','Plan D','','','','2022','2022','1,2,3,4,5,6,7,8,9,10,11,12','1,2,3,4,5,6,7',7,10);
insert into rel_teoria__horarios(horarios_id,teoria_id) values
(1501,1151),
(1502,1151),
(1503,1151),
(1504,1151);
insert into asignatura_requisito(id,activo,tipo,nombre,descripcion,imagen,imagen_Content_Type) values
(1201,'HABILITADO','OPCIONAL','RESIDENTE LIMA DNI','','',''),
(1202,'HABILITADO','OPCIONAL','MAYOR DE EDAD DNI','','',''),
(1203,'HABILITADO','OPCIONAL','LICENCIA DE CONDUCIR','','','');

insert into asignatura(id,activo,nombre,nombre_Corto,descripcion,documento,horas_Teoricas,horas_Practicas,numero_Clases_Teoria,numero_Clases_Practica,vigencia,costo,imagen,imagen_Content_Type,curso_id) values
(1101,'HABILITADO','Plan Basico','PlanBasico','','',5,10,5,5,12,350.0,'','',1001),
(1102,'HABILITADO','Plan Vip','Vip','','',5,10,5,5,12,500.0,'','',1001),
(1103,'HABILITADO','Plan Super Vip','Super Vip','','',5,10,5,5,12,650.0,'','',1001);
insert into rel_asignatura__adicional(adicional_id,asignatura_id) values (1053,1101),(1054,1101),(1051,1101),(1052,1101),
(1053,1102),(1054,1102),(1051,1102),(1052,1102),(1055,1102),
(1053,1103),(1054,1103),(1051,1103),(1052,1103),(1055,1103),(1056,1103);
insert into rel_asignatura__categoria(categoria_id,asignatura_id) values (1101,1101),(1101,1102),(1101,1103);
insert into rel_asignatura__horario(horario_id,asignatura_id) values (1501,1101),(1502,1101),(1503,1101),(1504,1101),
(1501,1102),(1502,1102),(1503,1102),(1504,1102),
(1501,1103),(1502,1103),(1503,1103),(1504,1103);
insert into rel_asignatura__asignatura_requisito(asignatura_requisito_id,asignatura_id) values (1201,1101),(1202,1101),(1201,1102),(1202,1102),(1201,1103),(1202,1103),(1203,1103);

insert into automovil(id,activo,codigo,nombre,tipo,placa,marca,modelo,anio,soat_Vencimiento,revision_Tecnica_Vencimiento,caja,imagen,imagen_Content_Type) values 
(1001,'HABILITADO','001','TOYOTA VERDE','SEDAM','ABY-555','TOYOTA','YARIS','2020','2022-02-25T05:00:00Z','2022-02-25T05:00:00Z','MECANICO','',''),
(1002,'HABILITADO','002','TOYOTA VERDE1','SEDAM','TAC-533','TOYOTA','YARIS','2020','2022-02-25T05:00:00Z','2022-02-25T05:00:00Z','AUTOMATICO','',''),
(1003,'HABILITADO','003','TOYOTA VERDE2','SEDAM','JOC-746','TOYOTA','YARIS','2020','2022-02-25T05:00:00Z','2022-02-25T05:00:00Z','MECANICO','',''),
(1004,'HABILITADO','004','TOYOTA VERDE3','SEDAM','IIO-274','TOYOTA','YARIS','2020','2022-02-25T05:00:00Z','2022-02-25T05:00:00Z','AUTOMATICO','',''),
(1005,'HABILITADO','005','TOYOTA VERDE4','SEDAM','TYS-392','TOYOTA','YARIS','2020','2022-02-25T05:00:00Z','2022-02-25T05:00:00Z','AUTOMATICO','','');


-- datos basicos para fecha y dia
update fecha set fecha=dateadd(year, -5, fecha);


insert into DIA (ID, NOMBRE, NOMBRE_CORTO) VALUES
(1, 'Lunes', 'lun'),
(2, 'Martes', 'mar'),
(3, 'Miercoles', 'mie'),
(4, 'Jueves', 'jue'),
(5, 'Viernes', 'vie'),
(6, 'Sabado', 'sab'),
(7, 'Domingo', 'dom');


WITH InfiniteRows (RowNumber) AS (
	SELECT 1 
	UNION ALL -- Recursive member definition
	SELECT a.RowNumber + 1
	FROM   InfiniteRows a 
	WHERE  a.RowNumber < 1000
), DateWithRow as (
	SELECT RowNumber,
		CAST(PARSEDATETIME('2020-12-31', 'yyyy-MM-dd') AS DATE) as DateDay
	FROM   InfiniteRows
), RowDates as (
	SELECT *, DATEADD('DAY', RowNumber, DateDay) DateInc
	FROM   DateWithRow
), TmpDates as (
	select rd.RowNumber, rd.DateInc, DAY_OF_MONTH(rd.DateInc) DateDay, 
		MONTH(rd.DateInc) DateMonth, YEAR(rd.DateInc) DateYear, 
		ISO_DAY_OF_WEEK(rd.DateInc) DateDayOfWeek
	from RowDates rd
), TmpFechaMax as (
	select COALESCE(max(id), 0) FechaIdMax from FECHA
)
insert into FECHA (ID, FECHA, DIA, MES, ANIO, DIA_NOMBRE, DIA_NOMBRE_CORTO, FERIADO, LABORAL, FIN_SEMANA) 
select td.RowNumber + tfm.FechaIdMax, td.DateInc, td.DateDay, td.DateMonth, td.DateYear,
	d.nombre, d.nombre_corto, 'NO' DateHoliday, 
	case when DateDayOfWeek < 6 then 'SI' else 'NO' end DateWork,
	case when DateDayOfWeek > 5 then 'SI' else 'NO' end DateWeekend
from TmpDates td inner join DIA d on td.DateDayOfWeek = d.Id, TmpFechaMax tfm
;


insert into HORARIO_CATALOGO(id, activo,codigo,hora_inicio,hora_fin,descripcion) values
(1,'HABILITADO',1,'07:00','09:00','Mañana'),
(2,'HABILITADO',2,'09:00','11:00','Mañana'),
(3,'HABILITADO',3,'11:00','13:00','Mañana'),
(4,'HABILITADO',4,'13:00','15:00','Tarde'),
(5,'HABILITADO',5,'15:00','17:00','Tarde'),
(6,'HABILITADO',6,'17:00','19:00','Tarde');


insert into lugar_salida(id,nombre) values (1001,'Zarate'),(1002,'Iglesia'),(1003,'Proceres');


insert into requisitos_inscripcion (id,activo,obligatorio,nombre,nombre_Corto,costo,imagen,imagen_Content_Type, tipo_Requisito,valores) values
(1051,'HABILITADO','NO','Clases Manejo','CM',70.0,'','','NUMERICO','1,5,1,1');


insert into profesor(id,activo,codigo,teoria,practica,licencia_Numero,empleado_id,licencia_categoria_id) values 
(1801,'HABILITADO','001','SI','NO','45341131',1308,1101),
(1802,'HABILITADO','002','SI','SI','45641221',1309,1101),
(1803,'HABILITADO','003','NO','SI','45541131',1310,1101);

INSERT INTO REL_PROFESOR__LICENCIAS_PERMITIDAS (profesor_id, licencias_permitidas_id) values 
(1802, 1101),
(1803, 1101);